Id,Customer Name,Mobile No,,,,,
1,sdsa asdad,231331,,,,,
2,sdfsdfsfd sfdsfdsfsdf,23432432432,,,,,
3,sdsad cvzc,34,,,,,
4,dfg xcxmj,23,,,,,
5,AMC AMC,23,,,,,
6,AMC AMC,23,,,,,
7,AMC AMC,23,,,,,
8,AMC AMC,23,,,,,
9,AMC AMC,23,,,,,
10,AMC AMC,23,,,,,
11,AMC AMC,23,,,,,
12,AMC AMC,23,,,,,
13,AMC AMC,23,,,,,
14,AMC AMC,23,,,,,
15,AMC AMC,23,,,,,
16,AMC AMC,23,,,,,
17,AMC AMC,23,,,,,
18,AMC AMC,23,,,,,
19,AMC AMC,23,,,,,
20,AMC AMC,23,,,,,
21,AMC AMC,23,,,,,
22,AMC AMC,23,,,,,
23,AMC AMC,23,,,,,
24,AMC AMC,23,,,,,
25,AMC AMC,23,,,,,
26,AMC AMC,23,,,,,
27,AMC AMC,23,,,,,
28,AMC AMC,23,,,,,
29,AMC AMC,23,,,,,
30,AMC AMC,23,,,,,
31,AMC AMC,23,,,,,
32,AMC AMC,23,,,,,
33,AMC AMC,23,,,,,
34,AMC AMC,23,,,,,
35,AMC AMC,23,,,,,
36,AMC AMC,23,,,,,
37,AMC AMC,23,,,,,
38,AMC AMC,23,,,,,
39,AMC AMC,23,,,,,
40,AMC AMC,23,,,,,
41,AMC AMC,23,,,,,
42,AMC AMC,23,,,,,
43,AMC AMC,23,,,,,
44,AMC AMC,23,,,,,
45,AMC AMC,23,,,,,
46,AMC AMC,23,,,,,
47,AMC AMC,23,,,,,
48,AMC AMC,23,,,,,
49,AMC AMC,23,,,,,
50,AMC AMC,23,,,,,
51,AMC AMC,23,,,,,
52,AMC AMC,23,,,,,
53,AMC AMC,23,,,,,
54,AMC AMC,23,,,,,
