title(MR/Miss/Shri),firstname,middlename,lastname,mobile,email,business category(IT/Manufacturing/Logistick),businessname,city id,addess,zipcode,website,lanline,fax,dob (DD-MM-YYYY),anniversary (DD-MM-YYYY)
MR,AMC,AMC,AMC,23,sbc@sbc.con,IT,sd,1,asdas,231,asdda,231,23,9/1/1989,9/1/1989
MR,AMC,AMC,AMC,23,sbc@sbc.con,IT,sd,1,asdas,231,asdda,231,23,9/2/1989,9/2/1989
MR,AMC,AMC,AMC,23,sbc@sbc.con,IT,sd,1,asdas,231,asdda,231,23,9/3/1989,9/3/1989
MR,AMC,AMC,AMC,23,sbc@sbc.con,IT,sd,1,asdas,231,asdda,231,23,9/4/1989,9/4/1989
MR,AMC,AMC,AMC,23,sbc@sbc.con,IT,sd,1,asdas,231,asdda,231,23,9/5/1989,9/5/1989
MR,AMC,AMC,AMC,23,sbc@sbc.con,IT,sd,1,asdas,231,asdda,231,23,9/6/1989,9/6/1989
MR,AMC,AMC,AMC,23,sbc@sbc.con,IT,sd,1,asdas,231,asdda,231,23,9/7/1989,9/7/1989
MR,AMC,AMC,AMC,23,sbc@sbc.con,IT,sd,1,asdas,231,asdda,231,23,9/8/1989,9/8/1989
MR,AMC,AMC,AMC,23,sbc@sbc.con,IT,sd,1,asdas,231,asdda,231,23,9/9/1989,9/9/1989
MR,AMC,AMC,AMC,23,sbc@sbc.con,IT,sd,1,asdas,231,asdda,231,23,9/10/1989,9/10/1989
MR,AMC,AMC,AMC,23,sbc@sbc.con,IT,sd,1,asdas,231,asdda,231,23,9/11/1989,9/11/1989
MR,AMC,AMC,AMC,23,sbc@sbc.con,IT,sd,1,asdas,231,asdda,231,23,9/12/1989,9/12/1989
MR,AMC,AMC,AMC,23,sbc@sbc.con,IT,sd,1,asdas,231,asdda,231,23,9/13/1989,9/13/1989
MR,AMC,AMC,AMC,23,sbc@sbc.con,IT,sd,1,asdas,231,asdda,231,23,9/14/1989,9/14/1989
MR,AMC,AMC,AMC,23,sbc@sbc.con,IT,sd,1,asdas,231,asdda,231,23,9/15/1989,9/15/1989
MR,AMC,AMC,AMC,23,sbc@sbc.con,IT,sd,1,asdas,231,asdda,231,23,9/16/1989,9/16/1989
MR,AMC,AMC,AMC,23,sbc@sbc.con,IT,sd,1,asdas,231,asdda,231,23,9/17/1989,9/17/1989
MR,AMC,AMC,AMC,23,sbc@sbc.con,IT,sd,1,asdas,231,asdda,231,23,9/18/1989,9/18/1989
MR,AMC,AMC,AMC,23,sbc@sbc.con,IT,sd,1,asdas,231,asdda,231,23,9/19/1989,9/19/1989
MR,AMC,AMC,AMC,23,sbc@sbc.con,IT,sd,1,asdas,231,asdda,231,23,9/20/1989,9/20/1989
MR,AMC,AMC,AMC,23,sbc@sbc.con,IT,sd,1,asdas,231,asdda,231,23,9/21/1989,9/21/1989
MR,AMC,AMC,AMC,23,sbc@sbc.con,IT,sd,1,asdas,231,asdda,231,23,9/22/1989,9/22/1989
MR,AMC,AMC,AMC,23,sbc@sbc.con,IT,sd,1,asdas,231,asdda,231,23,9/23/1989,9/23/1989
MR,AMC,AMC,AMC,23,sbc@sbc.con,IT,sd,1,asdas,231,asdda,231,23,9/24/1989,9/24/1989
MR,AMC,AMC,AMC,23,sbc@sbc.con,IT,sd,1,asdas,231,asdda,231,23,9/25/1989,9/25/1989
MR,AMC,AMC,AMC,23,sbc@sbc.con,IT,sd,1,asdas,231,asdda,231,23,9/26/1989,9/26/1989
MR,AMC,AMC,AMC,23,sbc@sbc.con,IT,sd,1,asdas,231,asdda,231,23,9/27/1989,9/27/1989
MR,AMC,AMC,AMC,23,sbc@sbc.con,IT,sd,1,asdas,231,asdda,231,23,9/28/1989,9/28/1989
MR,AMC,AMC,AMC,23,sbc@sbc.con,IT,sd,1,asdas,231,asdda,231,23,9/29/1989,9/29/1989
MR,AMC,AMC,AMC,23,sbc@sbc.con,IT,sd,1,asdas,231,asdda,231,23,9/30/1989,9/30/1989
MR,AMC,AMC,AMC,23,sbc@sbc.con,IT,sd,1,asdas,231,asdda,231,23,10/1/1989,10/1/1989
MR,AMC,AMC,AMC,23,sbc@sbc.con,IT,sd,1,asdas,231,asdda,231,23,10/2/1989,10/2/1989
MR,AMC,AMC,AMC,23,sbc@sbc.con,IT,sd,1,asdas,231,asdda,231,23,10/3/1989,10/3/1989
MR,AMC,AMC,AMC,23,sbc@sbc.con,IT,sd,1,asdas,231,asdda,231,23,10/4/1989,10/4/1989
MR,AMC,AMC,AMC,23,sbc@sbc.con,IT,sd,1,asdas,231,asdda,231,23,10/5/1989,10/5/1989
MR,AMC,AMC,AMC,23,sbc@sbc.con,IT,sd,1,asdas,231,asdda,231,23,10/6/1989,10/6/1989
MR,AMC,AMC,AMC,23,sbc@sbc.con,IT,sd,1,asdas,231,asdda,231,23,10/7/1989,10/7/1989
MR,AMC,AMC,AMC,23,sbc@sbc.con,IT,sd,1,asdas,231,asdda,231,23,10/8/1989,10/8/1989
MR,AMC,AMC,AMC,23,sbc@sbc.con,IT,sd,1,asdas,231,asdda,231,23,10/9/1989,10/9/1989
MR,AMC,AMC,AMC,23,sbc@sbc.con,IT,sd,1,asdas,231,asdda,231,23,10/10/1989,10/10/1989
MR,AMC,AMC,AMC,23,sbc@sbc.con,IT,sd,1,asdas,231,asdda,231,23,10/11/1989,10/11/1989
MR,AMC,AMC,AMC,23,sbc@sbc.con,IT,sd,1,asdas,231,asdda,231,23,10/12/1989,10/12/1989
MR,AMC,AMC,AMC,23,sbc@sbc.con,IT,sd,1,asdas,231,asdda,231,23,10/13/1989,10/13/1989
MR,AMC,AMC,AMC,23,sbc@sbc.con,IT,sd,1,asdas,231,asdda,231,23,10/14/1989,10/14/1989
MR,AMC,AMC,AMC,23,sbc@sbc.con,IT,sd,1,asdas,231,asdda,231,23,10/15/1989,10/15/1989
MR,AMC,AMC,AMC,23,sbc@sbc.con,IT,sd,1,asdas,231,asdda,231,23,10/16/1989,10/16/1989
MR,AMC,AMC,AMC,23,sbc@sbc.con,IT,sd,1,asdas,231,asdda,231,23,10/17/1989,10/17/1989
MR,AMC,AMC,AMC,23,sbc@sbc.con,IT,sd,1,asdas,231,asdda,231,23,10/18/1989,10/18/1989
MR,AMC,AMC,AMC,23,sbc@sbc.con,IT,sd,1,asdas,231,asdda,231,23,10/19/1989,10/19/1989
MR,AMC,AMC,AMC,23,sbc@sbc.con,IT,sd,1,asdas,231,asdda,231,23,10/20/1989,10/20/1989
,,,,,,,,,,,,,,,
,,,,,,,,,,,,,,,
,,,,,,,,,,,,,,,
,,,,,,,,,,,,,,,
,,,,,,,,,,,,,,,
,,,,,,,,,,,,,,,
,,,,,,,,,,,,,,,
,,,,,,,,,,,,,,,
,,,,,,,,,,,,,,,
,,,,,,,,,,,,,,,
,,,,,,,,,,,,,,,
,,,,,,,,,,,,,,,
,,,,,,,,,,,,,,,
,,,,,,,,,,,,,,,
,,,,,,,,,,,,,,,
,,,,,,,,,,,,,,,
,,,,,,,,,,,,,,,
,,,,,,,,,,,,,,,
,,,,,,,,,,,,,,,
,,,,,,,,,,,,,,,
,,,,,,,,,,,,,,,
,,,,,,,,,,,,,,,
,,,,,,,,,,,,,,,
,,,,,,,,,,,,,,,
,,,,,,,,,,,,,,,
,,,,,,,,,,,,,,,
,,,,,,,,,,,,,,,
,,,,,,,,,,,,,,,
,,,,,,,,,,,,,,,
,,,,,,,,,,,,,,,
,,,,,,,,,,,,,,,
,,,,,,,,,,,,,,,
,,,,,,,,,,,,,,,
,,,,,,,,,,,,,,,
,,,,,,,,,,,,,,,
,,,,,,,,,,,,,,,
,,,,,,,,,,,,,,,
,,,,,,,,,,,,,,,
,,,,,,,,,,,,,,,
,,,,,,,,,,,,,,,
,,,,,,,,,,,,,,,
,,,,,,,,,,,,,,,
,,,,,,,,,,,,,,,
,,,,,,,,,,,,,,,
,,,,,,,,,,,,,,,
,,,,,,,,,,,,,,,
,,,,,,,,,,,,,,,
,,,,,,,,,,,,,,,
,,,,,,,,,,,,,,,
